{"feature_columns": ["SeasonsPlayed", "Games", "AtBats", "Runs", "Hits", "Doubles", "Triples", "HomeRuns", "RunsBattedIn", "StolenBases", "CaughtStealing", "Walks", "Strikeouts", "IntentionalWalks", "HitsByPitch", "SacrificeHits", "SacrificeFlies", "GroundedIntoDoublePlays", "BattingAverage", "OnBasePercentage", "SluggingPercentage", "isArbitrationEligible", "isFreeAgent"], "coef": [0.2670259199623328, -0.7339334508108888, 0.3176877556538507, 0.1546716996367012, 0.9217041638742957, 0.27837037972164536, -0.22307568562887928, 0.19119131303905862, -0.3119977208654723, 0.41134759458037773, -0.5663085392060224, 0.19356586902155998, 0.5803792183159837, 0.19251905448517959, 0.5078940963007885, -0.16336920994280427, -0.0005180108135757931, 0.19512500859739546, -0.24166517177454092, 0.10068212529832175, 0.3366264574359392, 0.5086653231240338, 0.5847416305121333], "intercept": 5.328906370258435, "scaler_min": [0.0, -0.26356589147286824, -0.22393162393162394, -0.03401360544217687, -0.07818930041152264, 0.0, 0.0, 0.0, -0.018518518518518517, 0.0, 0.0, 0.0, -0.0045045045045045045, 0.0, 0.0, 0.0, 0.0, 0.0, -0.531654868438627, -0.3931512991763622, -0.25130668919275645, 0.0, 0.0], "scaler_scale": [0.045454545454545456, 0.007751937984496124, 0.0017094017094017094, 0.006802721088435374, 0.00411522633744856, 0.01694915254237288, 0.043478260869565216, 0.0136986301369863, 0.006172839506172839, 0.00909090909090909, 0.034482758620689655, 0.004310344827586207, 0.0045045045045045045, 0.008333333333333333, 0.02857142857142857, 0.02564102564102564, 0.058823529411764705, 0.027777777777777776, 3.8894750901562705, 2.2861019989144027, 1.4492019076782288, 1.0, 1.0], "scaler_data_min": [0.0, 34.0, 131.0, 5.0, 19.0, 0.0, 0.0, 0.0, 3.0, 0.0, 0.0, 0.0, 1.0, 0.0, 0.0, 0.0, 0.0, 0.0, 0.1366906474820144, 0.17197452229299362, 0.17341040462427745, 0.0, 0.0], "scaler_data_max": [22.0, 163.0, 716.0, 152.0, 262.0, 59.0, 23.0, 73.0, 165.0, 110.0, 29.0, 232.0, 223.0, 120.0, 35.0, 39.0, 17.0, 36.0, 0.3937947494033413, 0.6094003241491086, 0.8634453781512605, 1.0, 1.0]}